artist,painting_id,top_color_1,top_color_2,top_color_3,color_value_1,color_value_2,color_value_3
Pierre-Auguste_Renoir,Pierre-Auguste_Renoir_240.jpg,#1f3654,#81acce,#46759c,288550,486046,304444
Pierre-Auguste_Renoir,Pierre-Auguste_Renoir_142.jpg,#a8efec,#505954,#94a295,244494,374331,188087
Pierre-Auguste_Renoir,Pierre-Auguste_Renoir_23.jpg,#262d39,#9faba7,#52797a,251578,372132,262050
Pierre-Auguste_Renoir,Pierre-Auguste_Renoir_236.jpg,#303449,#717485,#beb7be,270190,321427,247645
Pierre-Auguste_Renoir,Pierre-Auguste_Renoir_22.jpg,#767980,#bbc3c9,#423733,442523,385360,286997
Pierre-Auguste_Renoir,Pierre-Auguste_Renoir_29.jpg,#6e706e,#adadaa,#333536,357205,315699,244264
Pierre-Auguste_Renoir,Pierre-Auguste_Renoir_62.jpg,#a3b9b7,#30362e,#648d85,95992,437784,341424
Pierre-Auguste_Renoir,Pierre-Auguste_Renoir_172.jpg,#537cc4,#263a97,#1a2539,292060,577363,204495
Pierre-Auguste_Renoir,Pierre-Auguste_Renoir_156.jpg,#97c3e4,#1d417c,#5081b4,179341,353584,207269
Pierre-Auguste_Renoir,Pierre-Auguste_Renoir_40.jpg,#1b2644,#7d9bac,#4c647f,213509,222655,160047
Pierre-Auguste_Renoir,Pierre-Auguste_Renoir_231.jpg,#0f2340,#447cb5,#234d75,390504,293348,213916
Pierre-Auguste_Renoir,Pierre-Auguste_Renoir_155.jpg,#1f2f2c,#395c77,#6f8ca8,216017,353193,248668
Pierre-Auguste_Renoir,Pierre-Auguste_Renoir_168.jpg,#4d77af,#84abcd,#2f487c,271740,498198,280362
Pierre-Auguste_Renoir,Pierre-Auguste_Renoir_10.jpg,#457a9f,#9bccc6,#2b363d,147534,462921,260025
Pierre-Auguste_Renoir,Pierre-Auguste_Renoir_55.jpg,#9d9ea4,#1e1829,#5c5f6e,310980,212891,321517
Pierre-Auguste_Renoir,Pierre-Auguste_Renoir_323.jpg,#15283f,#75a5c3,#497088,266992,363996,200500
Pierre-Auguste_Renoir,Pierre-Auguste_Renoir_35.jpg,#326091,#19243f,#4aafe0,261928,263301,258925
Pierre-Auguste_Renoir,Pierre-Auguste_Renoir_211.jpg,#2e243b,#a59caa,#656880,287716,507672,465620
Pierre-Auguste_Renoir,Pierre-Auguste_Renoir_230.jpg,#5787b3,#28466b,#9ed0eb,287860,180062,231726
Pierre-Auguste_Renoir,Pierre-Auguste_Renoir_226.jpg,#58677b,#1e3349,#9fa3b9,500513,336300,191887
Pierre-Auguste_Renoir,Pierre-Auguste_Renoir_109.jpg,#1b283b,#618fb4,#304761,402885,263175,205661
Pierre-Auguste_Renoir,Pierre-Auguste_Renoir_185.jpg,#b2bec7,#2c4e78,#6a89a8,287733,331050,244971
Pierre-Auguste_Renoir,Pierre-Auguste_Renoir_221.jpg,#272035,#3a4e95,#8ca1c6,408989,420641,213566
Pierre-Auguste_Renoir,Pierre-Auguste_Renoir_75.jpg,#c0deeb,#527d95,#29333c,692616,1215228,684924
Pierre-Auguste_Renoir,Pierre-Auguste_Renoir_198.jpg,#1b2e7c,#3d66b4,#8aa0c4,415788,291529,267083
Pierre-Auguste_Renoir,Pierre-Auguste_Renoir_263.jpg,#486cb3,#192b44,#284685,334774,303676,219054
Pierre-Auguste_Renoir,Pierre-Auguste_Renoir_127.jpg,#dee9e7,#3a484c,#95a5a7,428115,219765,109880
Pierre-Auguste_Renoir,Pierre-Auguste_Renoir_232.jpg,#326a72,#1b392e,#659bad,488644,491764,269896
Pierre-Auguste_Renoir,Pierre-Auguste_Renoir_269.jpg,#202851,#80a7cf,#416bad,368381,360404,207332
Pierre-Auguste_Renoir,Pierre-Auguste_Renoir_51.jpg,#645f66,#9babb8,#34252e,444176,453440,404144
Pierre-Auguste_Renoir,Pierre-Auguste_Renoir_129.jpg,#98b9c9,#1c2d3f,#4e7898,257316,523127,503653
Pierre-Auguste_Renoir,Pierre-Auguste_Renoir_111.jpg,#2761c5,#5897e0,#152b72,174377,279357,117595
Pierre-Auguste_Renoir,Pierre-Auguste_Renoir_161.jpg,#373537,#546a78,#839faf,278639,392669,194996
Pierre-Auguste_Renoir,Pierre-Auguste_Renoir_146.jpg,#304075,#1b1830,#657cae,111590,362141,376001
Pierre-Auguste_Renoir,Pierre-Auguste_Renoir_68.jpg,#273538,#b5c0ca,#868d8b,279556,496496,451468
Pierre-Auguste_Renoir,Pierre-Auguste_Renoir_322.jpg,#172245,#46668b,#6992b8,340772,363318,118732
Pierre-Auguste_Renoir,Pierre-Auguste_Renoir_150.jpg,#7da0ba,#43585d,#272013,369448,479069,150801
Pierre-Auguste_Renoir,Pierre-Auguste_Renoir_225.jpg,#98a7ad,#335b88,#233936,411686,717593,177601
Pierre-Auguste_Renoir,Pierre-Auguste_Renoir_260.jpg,#71a2b9,#1d4356,#2f7b9a,407871,251550,215859
Pierre-Auguste_Renoir,Pierre-Auguste_Renoir_275.jpg,#a2a1ab,#687e9e,#3c4f67,404388,719429,662525
Pierre-Auguste_Renoir,Pierre-Auguste_Renoir_158.jpg,#638088,#343c39,#afc0bd,1341684,1303931,711057
Pierre-Auguste_Renoir,Pierre-Auguste_Renoir_310.jpg,#555061,#8995b6,#291c2b,101821,314207,352772
Pierre-Auguste_Renoir,Pierre-Auguste_Renoir_220.jpg,#2c3e7d,#748bc4,#534e19,501929,358074,566429
Pierre-Auguste_Renoir,Pierre-Auguste_Renoir_135.jpg,#b28a77,#74a0c2,#235a97,424183,227403,283460
Pierre-Auguste_Renoir,Pierre-Auguste_Renoir_45.jpg,#204299,#102443,#5282be,419318,228127,247531
Pierre-Auguste_Renoir,Pierre-Auguste_Renoir_95.jpg,#87bed4,#428bb5,#183f5b,588817,320530,182493
Pierre-Auguste_Renoir,Pierre-Auguste_Renoir_31.jpg,#abc3cc,#204a59,#5293a4,1268488,985926,604724
Pierre-Auguste_Renoir,Pierre-Auguste_Renoir_297.jpg,#171936,#798aaf,#375b6b,126920,331890,332392
Pierre-Auguste_Renoir,Pierre-Auguste_Renoir_259.jpg,#57697d,#8baabc,#1d1726,264939,189295,238542
Pierre-Auguste_Renoir,Pierre-Auguste_Renoir_25.jpg,#a28c97,#d7d9e2,#5e4548,394798,511218,342240
Pierre-Auguste_Renoir,Pierre-Auguste_Renoir_251.jpg,#262544,#b0b8d6,#446199,405776,255115,152867
Pierre-Auguste_Renoir,Pierre-Auguste_Renoir_324.jpg,#4c769d,#2e476a,#88b8cc,121219,278411,257370
Pierre-Auguste_Renoir,Pierre-Auguste_Renoir_120.jpg,#465d78,#8196c3,#13131b,379735,149866,330253
Pierre-Auguste_Renoir,Pierre-Auguste_Renoir_100.jpg,#233830,#68a1a7,#3d6d6a,284287,281843,209038
Pierre-Auguste_Renoir,Pierre-Auguste_Renoir_165.jpg,#3b6874,#212d34,#689caa,368367,305829,194924
Pierre-Auguste_Renoir,Pierre-Auguste_Renoir_80.jpg,#4e7c8d,#97b6bb,#2c3f41,362957,541802,330441
Pierre-Auguste_Renoir,Pierre-Auguste_Renoir_149.jpg,#4d748e,#1d3843,#96b3d7,498754,397459,353693
Pierre-Auguste_Renoir,Pierre-Auguste_Renoir_214.jpg,#a3a7ad,#4a5955,#5289a3,336954,453840,502006
Pierre-Auguste_Renoir,Pierre-Auguste_Renoir_291.jpg,#111122,#6296bb,#2a616c,203021,207440,62297
Pierre-Auguste_Renoir,Pierre-Auguste_Renoir_309.jpg,#5693a2,#a5c6d4,#2d5e58,404874,244503,274443
Pierre-Auguste_Renoir,Pierre-Auguste_Renoir_268.jpg,#545071,#231629,#b3b0c8,496440,193340,124300
Pierre-Auguste_Renoir,Pierre-Auguste_Renoir_84.jpg,#89b8d2,#3c6d72,#132424,482129,531178,212933
Pierre-Auguste_Renoir,Pierre-Auguste_Renoir_59.jpg,#294484,#311e33,#577cb5,434804,122770,286786
Pierre-Auguste_Renoir,Pierre-Auguste_Renoir_280.jpg,#bbc1c8,#4a7ca1,#1f2f56,429387,378118,266415
Pierre-Auguste_Renoir,Pierre-Auguste_Renoir_278.jpg,#8babc8,#150f25,#3d4f7c,252187,263070,341179
Pierre-Auguste_Renoir,Pierre-Auguste_Renoir_26.jpg,#322d29,#a6c0c4,#3e698b,432480,315859,120013
Pierre-Auguste_Renoir,Pierre-Auguste_Renoir_175.jpg,#203550,#90b9bc,#49789a,352801,311670,220009
Pierre-Auguste_Renoir,Pierre-Auguste_Renoir_101.jpg,#c3c6b7,#63888e,#314a55,349980,391688,295132
Pierre-Auguste_Renoir,Pierre-Auguste_Renoir_20.jpg,#4c6cb4,#383f5a,#b5b097,1465617,1266136,435489
Pierre-Auguste_Renoir,Pierre-Auguste_Renoir_238.jpg,#1f2419,#684d5a,#bca8b9,598428,150648,46572
Pierre-Auguste_Renoir,Pierre-Auguste_Renoir_66.jpg,#405e75,#242933,#a6a9a8,135286,238063,242953
Pierre-Auguste_Renoir,Pierre-Auguste_Renoir_94.jpg,#8e6455,#aba1a2,#2e3b5c,386111,304144,143025
Pierre-Auguste_Renoir,Pierre-Auguste_Renoir_227.jpg,#375da9,#88c8e1,#1a2f4e,636430,401184,259556
Pierre-Auguste_Renoir,Pierre-Auguste_Renoir_262.jpg,#364669,#87abd0,#16131d,198720,61483,787685
Pierre-Auguste_Renoir,Pierre-Auguste_Renoir_192.jpg,#344136,#91a9a4,#4e7872,416832,174967,288841
Pierre-Auguste_Renoir,Pierre-Auguste_Renoir_267.jpg,#2840a7,#6d83b5,#18204d,189108,391786,197609
Pierre-Auguste_Renoir,Pierre-Auguste_Renoir_134.jpg,#85adaa,#375243,#567e73,206151,493771,407278
Pierre-Auguste_Renoir,Pierre-Auguste_Renoir_78.jpg,#4186b7,#141549,#24428d,327897,246280,271031
Pierre-Auguste_Renoir,Pierre-Auguste_Renoir_177.jpg,#b8a494,#526c60,#283a31,399101,576263,330236
Pierre-Auguste_Renoir,Pierre-Auguste_Renoir_121.jpg,#2b4d8b,#142655,#557dac,436937,385910,284447
Pierre-Auguste_Renoir,Pierre-Auguste_Renoir_208.jpg,#686e95,#b9c0d1,#213643,1360846,1121252,954446
Pierre-Auguste_Renoir,Pierre-Auguste_Renoir_99.jpg,#3e739d,#98bed5,#123161,174254,152747,421839
Pierre-Auguste_Renoir,Pierre-Auguste_Renoir_137.jpg,#332212,#9e9c98,#4f5b56,292365,746419,1025600
Pierre-Auguste_Renoir,Pierre-Auguste_Renoir_283.jpg,#2e3058,#120c14,#5591d3,465562,409099,108535
Pierre-Auguste_Renoir,Pierre-Auguste_Renoir_16.jpg,#81c0da,#375489,#1e1f31,334811,755410,388179
Pierre-Auguste_Renoir,Pierre-Auguste_Renoir_93.jpg,#8aaed5,#617fac,#342457,585951,727460,296239
Pierre-Auguste_Renoir,Pierre-Auguste_Renoir_126.jpg,#5996ad,#8acbe4,#234247,449687,320139,164450
Pierre-Auguste_Renoir,Pierre-Auguste_Renoir_180.jpg,#7f9594,#345444,#d0cbc1,194788,315230,88382
Pierre-Auguste_Renoir,Pierre-Auguste_Renoir_61.jpg,#3c689f,#1a345d,#6d99d3,319119,246927,196191
Pierre-Auguste_Renoir,Pierre-Auguste_Renoir_203.jpg,#3d4e71,#667da5,#262b3c,428788,541760,290172
Pierre-Auguste_Renoir,Pierre-Auguste_Renoir_28.jpg,#397195,#86a5af,#103858,295370,220971,283574
Pierre-Auguste_Renoir,Pierre-Auguste_Renoir_76.jpg,#5c9ac6,#16243b,#2b6291,222723,429780,206929
Pierre-Auguste_Renoir,Pierre-Auguste_Renoir_91.jpg,#223259,#44739e,#7ea5c0,130187,279334,132201
Pierre-Auguste_Renoir,Pierre-Auguste_Renoir_5.jpg,#2e7d7e,#97c9dd,#154845,1159379,763517,746960
Pierre-Auguste_Renoir,Pierre-Auguste_Renoir_261.jpg,#5e6371,#202d47,#788da7,383478,175916,211202
Pierre-Auguste_Renoir,Pierre-Auguste_Renoir_178.jpg,#3a4d72,#89a7c7,#617da0,818259,1475311,937576
Pierre-Auguste_Renoir,Pierre-Auguste_Renoir_242.jpg,#636c6d,#35414e,#aec6c8,1238989,618457,960321
Pierre-Auguste_Renoir,Pierre-Auguste_Renoir_295.jpg,#34779d,#183844,#b4a8b5,594777,383007,233096
Pierre-Auguste_Renoir,Pierre-Auguste_Renoir_17.jpg,#22253a,#aaa5b2,#686982,369233,287155,190492
Pierre-Auguste_Renoir,Pierre-Auguste_Renoir_8.jpg,#558bb7,#1e3b60,#e5ecee,214379,282896,393389
Pierre-Auguste_Renoir,Pierre-Auguste_Renoir_321.jpg,#9b9e95,#374538,#737a72,425305,167530,542781
Pierre-Auguste_Renoir,Pierre-Auguste_Renoir_138.jpg,#2e408f,#6882ae,#1b214a,127431,292291,276115
Pierre-Auguste_Renoir,Pierre-Auguste_Renoir_247.jpg,#1a523d,#d3c9cb,#48939b,586908,317828,253664
Pierre-Auguste_Renoir,Pierre-Auguste_Renoir_271.jpg,#344d49,#9dc5d1,#548696,254803,448178,305659
Pierre-Auguste_Renoir,Pierre-Auguste_Renoir_296.jpg,#61626b,#b0becc,#723620,1165488,1028519,1179049
Pierre-Auguste_Renoir,Pierre-Auguste_Renoir_117.jpg,#264f8d,#252746,#5481a7,200915,163962,275651
Pierre-Auguste_Renoir,Pierre-Auguste_Renoir_292.jpg,#a7b2b7,#422c26,#6a7472,441907,448061,354882
Pierre-Auguste_Renoir,Pierre-Auguste_Renoir_282.jpg,#324353,#66919e,#c3ba8f,279393,708232,271895
Pierre-Auguste_Renoir,Pierre-Auguste_Renoir_228.jpg,#6a7272,#3b3b35,#a4ada9,1381162,1434349,748009
Pierre-Auguste_Renoir,Pierre-Auguste_Renoir_72.jpg,#235c94,#0f2747,#58a4d4,338320,309074,227246
Pierre-Auguste_Renoir,Pierre-Auguste_Renoir_277.jpg,#121632,#72859a,#30435d,609885,156333,103825
Pierre-Auguste_Renoir,Pierre-Auguste_Renoir_12.jpg,#43718b,#312628,#96b1ba,352833,321591,233931
Pierre-Auguste_Renoir,Pierre-Auguste_Renoir_186.jpg,#9fc2d3,#4b7a97,#1c3a43,567555,383527,353238
Pierre-Auguste_Renoir,Pierre-Auguste_Renoir_104.jpg,#405471,#95bdd0,#5a82a9,263962,545793,467685
Pierre-Auguste_Renoir,Pierre-Auguste_Renoir_151.jpg,#a5acaf,#163951,#417ea3,294512,434804,301084
Pierre-Auguste_Renoir,Pierre-Auguste_Renoir_27.jpg,#202a2b,#a4959f,#495c67,433761,380158,454817
Pierre-Auguste_Renoir,Pierre-Auguste_Renoir_200.jpg,#869c94,#1c3330,#3b666e,274838,311430,359652
Pierre-Auguste_Renoir,Pierre-Auguste_Renoir_24.jpg,#1a2233,#5f87af,#305176,301658,191568,348291
Pierre-Auguste_Renoir,Pierre-Auguste_Renoir_331.jpg,#69b5d0,#1e2321,#35556d,429285,231434,1200481
Pierre-Auguste_Renoir,Pierre-Auguste_Renoir_119.jpg,#1f3655,#9dbbcc,#577895,311423,255821,309968
Pierre-Auguste_Renoir,Pierre-Auguste_Renoir_162.jpg,#7c8a85,#404331,#a4bec8,314471,259864,287873
Pierre-Auguste_Renoir,Pierre-Auguste_Renoir_34.jpg,#1a2e42,#2a557f,#5489b2,385199,183085,245897
Pierre-Auguste_Renoir,Pierre-Auguste_Renoir_77.jpg,#8d8e87,#2d76a6,#aac5d7,962214,633430,1498356
Pierre-Auguste_Renoir,Pierre-Auguste_Renoir_73.jpg,#1b2b3c,#75b3cf,#3e7491,375418,341067,331835
Pierre-Auguste_Renoir,Pierre-Auguste_Renoir_319.jpg,#a0b2c1,#5e6e78,#2d393c,243990,401576,492354
Pierre-Auguste_Renoir,Pierre-Auguste_Renoir_188.jpg,#2f3129,#596b68,#8ca7b4,986174,1245487,562339
Pierre-Auguste_Renoir,Pierre-Auguste_Renoir_224.jpg,#8c7056,#252637,#5a7a9c,298405,567793,418922
Pierre-Auguste_Renoir,Pierre-Auguste_Renoir_272.jpg,#9aa5a0,#1e3039,#3d7279,445051,462787,375234
Pierre-Auguste_Renoir,Pierre-Auguste_Renoir_2.jpg,#6e9fc4,#376185,#262e42,399235,303120,172141
Pierre-Auguste_Renoir,Pierre-Auguste_Renoir_332.jpg,#397189,#67a7bc,#1f3f45,247985,385824,299055
Pierre-Auguste_Renoir,Pierre-Auguste_Renoir_49.jpg,#496d82,#294850,#858d97,310356,576840,381540
Pierre-Auguste_Renoir,Pierre-Auguste_Renoir_173.jpg,#abbbd1,#1b1d2f,#355288,269471,364661,238316
Pierre-Auguste_Renoir,Pierre-Auguste_Renoir_290.jpg,#0f1c41,#24448c,#5286c2,331211,168233,277808
Pierre-Auguste_Renoir,Pierre-Auguste_Renoir_147.jpg,#618595,#334858,#171b25,198043,344854,177999
Pierre-Auguste_Renoir,Pierre-Auguste_Renoir_124.jpg,#6a8674,#c9b9a7,#414629,249335,342708,229205
Pierre-Auguste_Renoir,Pierre-Auguste_Renoir_250.jpg,#21373c,#426e88,#96afc0,437939,400417,244833
Pierre-Auguste_Renoir,Pierre-Auguste_Renoir_53.jpg,#4d82c5,#171d47,#233f7c,417285,54605,336110
Pierre-Auguste_Renoir,Pierre-Auguste_Renoir_116.jpg,#44587b,#698ab8,#2a333d,330167,573280,351977
Pierre-Auguste_Renoir,Pierre-Auguste_Renoir_69.jpg,#83acc5,#282a43,#46638f,793066,1271669,935585
Pierre-Auguste_Renoir,Pierre-Auguste_Renoir_132.jpg,#4f6986,#8097b1,#273339,415050,469562,259404
Pierre-Auguste_Renoir,Pierre-Auguste_Renoir_254.jpg,#456e70,#193a32,#6aadb4,296055,546583,381042
Pierre-Auguste_Renoir,Pierre-Auguste_Renoir_229.jpg,#243e46,#395f7e,#7989a8,356806,280953,189633
Pierre-Auguste_Renoir,Pierre-Auguste_Renoir_249.jpg,#769da8,#33694a,#ced7d1,677866,453696,604720
Pierre-Auguste_Renoir,Pierre-Auguste_Renoir_179.jpg,#203141,#92acb5,#526f80,343025,184710,203047
Pierre-Auguste_Renoir,Pierre-Auguste_Renoir_329.jpg,#7e807b,#562718,#bcbcbe,378957,337749,286926
Pierre-Auguste_Renoir,Pierre-Auguste_Renoir_195.jpg,#cbaf93,#445b7d,#9bc7eb,1056683,999588,1097649
Pierre-Auguste_Renoir,Pierre-Auguste_Renoir_176.jpg,#4f6487,#9ab4cb,#1e2239,320190,244598,307660
Pierre-Auguste_Renoir,Pierre-Auguste_Renoir_201.jpg,#70a7cf,#263f58,#3a6d95,283371,393482,166923
Pierre-Auguste_Renoir,Pierre-Auguste_Renoir_300.jpg,#4e687b,#a5c5d7,#7896ab,315248,501796,446572
Pierre-Auguste_Renoir,Pierre-Auguste_Renoir_199.jpg,#4d6867,#a7aca0,#2a2a1c,547787,376704,345269
Pierre-Auguste_Renoir,Pierre-Auguste_Renoir_257.jpg,#3c3c3c,#758a85,#b7c3bb,754001,523636,537363
Pierre-Auguste_Renoir,Pierre-Auguste_Renoir_167.jpg,#476d8e,#b4c1ce,#233f62,298055,358334,174911
Pierre-Auguste_Renoir,Pierre-Auguste_Renoir_189.jpg,#404f5f,#221624,#7e8e9a,246728,184525,445291
Pierre-Auguste_Renoir,Pierre-Auguste_Renoir_328.jpg,#223661,#7399c4,#496a92,271879,405068,233585
Pierre-Auguste_Renoir,Pierre-Auguste_Renoir_136.jpg,#94b7ce,#173449,#33779b,349016,285140,151530
Pierre-Auguste_Renoir,Pierre-Auguste_Renoir_88.jpg,#92c6de,#182537,#4d7a98,614532,314266,362466
Pierre-Auguste_Renoir,Pierre-Auguste_Renoir_301.jpg,#4b6778,#2e3932,#779db3,338898,138853,249289
Pierre-Auguste_Renoir,Pierre-Auguste_Renoir_157.jpg,#96afca,#1e2d6d,#4c689f,265300,388127,424845
Pierre-Auguste_Renoir,Pierre-Auguste_Renoir_170.jpg,#2e2e3d,#6d7f90,#b9bac6,376162,193606,272984
Pierre-Auguste_Renoir,Pierre-Auguste_Renoir_206.jpg,#30352d,#bec2c5,#657a75,172430,265160,385706
Pierre-Auguste_Renoir,Pierre-Auguste_Renoir_90.jpg,#b8bdc4,#261d1d,#676473,221100,251777,497203
Pierre-Auguste_Renoir,Pierre-Auguste_Renoir_302.jpg,#45578e,#8a93c0,#182158,358078,283831,204471
Pierre-Auguste_Renoir,Pierre-Auguste_Renoir_171.jpg,#5f7881,#c0a085,#353630,335715,447885,476944
Pierre-Auguste_Renoir,Pierre-Auguste_Renoir_115.jpg,#162e49,#a2cee6,#4a93c3,308285,347741,114530
Pierre-Auguste_Renoir,Pierre-Auguste_Renoir_159.jpg,#27507c,#7eb3cc,#4880ab,328137,212818,222949
Pierre-Auguste_Renoir,Pierre-Auguste_Renoir_48.jpg,#71b5bd,#2e5088,#4b8ba0,230001,255563,206596
Pierre-Auguste_Renoir,Pierre-Auguste_Renoir_163.jpg,#467fb4,#1d2f38,#2a4e83,322289,294164,272379
Pierre-Auguste_Renoir,Pierre-Auguste_Renoir_139.jpg,#5f7a86,#3e4345,#a3aaae,848587,1273519,813484
Pierre-Auguste_Renoir,Pierre-Auguste_Renoir_245.jpg,#95c2d1,#16202b,#557b8e,488115,467055,299230
Pierre-Auguste_Renoir,Pierre-Auguste_Renoir_276.jpg,#4b7ebe,#80b1db,#2d4984,280350,329031,157869
Pierre-Auguste_Renoir,Pierre-Auguste_Renoir_46.jpg,#2d353d,#90b7d1,#4c738c,1507106,1024168,507958
Pierre-Auguste_Renoir,Pierre-Auguste_Renoir_289.jpg,#8098ba,#3a4e8d,#312b31,425038,118980,262394
Pierre-Auguste_Renoir,Pierre-Auguste_Renoir_65.jpg,#a6bbc4,#3b669a,#a47f37,607023,291431,470634
Pierre-Auguste_Renoir,Pierre-Auguste_Renoir_326.jpg,#121823,#7393a6,#394f5f,1938073,720138,588021
Pierre-Auguste_Renoir,Pierre-Auguste_Renoir_41.jpg,#9098b0,#203066,#345ca9,416284,510823,364413
Pierre-Auguste_Renoir,Pierre-Auguste_Renoir_42.jpg,#9499c8,#2f47a3,#6f4c46,287054,323595,260239
Pierre-Auguste_Renoir,Pierre-Auguste_Renoir_320.jpg,#7f7360,#a7bdcc,#3b2c2a,2162922,755295,411831
Pierre-Auguste_Renoir,Pierre-Auguste_Renoir_183.jpg,#b0b7ab,#2e3226,#60777a,453615,427505,373280
Pierre-Auguste_Renoir,Pierre-Auguste_Renoir_233.jpg,#303f3f,#a6b6b7,#5a7b89,111349,102391,90388
Pierre-Auguste_Renoir,Pierre-Auguste_Renoir_327.jpg,#193561,#6095bc,#2a619a,77000,126894,122851
Pierre-Auguste_Renoir,Pierre-Auguste_Renoir_107.jpg,#405e63,#77a2a9,#1d2a29,566830,514446,227396
Pierre-Auguste_Renoir,Pierre-Auguste_Renoir_293.jpg,#3d2c20,#aebbc1,#5d666e,1616803,732836,785849
Pierre-Auguste_Renoir,Pierre-Auguste_Renoir_210.jpg,#6b8e8e,#adc0a5,#3a5964,350200,236434,272502
Pierre-Auguste_Renoir,Pierre-Auguste_Renoir_246.jpg,#dae8c8,#3e4f50,#55829a,146557,490858,262681
Pierre-Auguste_Renoir,Pierre-Auguste_Renoir_86.jpg,#7b8680,#252627,#ced5c7,2178748,317484,792856
Pierre-Auguste_Renoir,Pierre-Auguste_Renoir_30.jpg,#192739,#6f92b3,#345085,231566,393528,292606
Pierre-Auguste_Renoir,Pierre-Auguste_Renoir_143.jpg,#5488a3,#274c4f,#c5cbd1,340867,336104,330389
Pierre-Auguste_Renoir,Pierre-Auguste_Renoir_314.jpg,#6f8a8d,#4f5255,#c3d5d8,251639,554048,476361
Pierre-Auguste_Renoir,Pierre-Auguste_Renoir_144.jpg,#3880a0,#313c34,#b3afa0,355370,475880,429294
Pierre-Auguste_Renoir,Pierre-Auguste_Renoir_13.jpg,#97a39c,#2b292f,#686966,339204,342273,250923
Pierre-Auguste_Renoir,Pierre-Auguste_Renoir_336.jpg,#4b7093,#434b54,#96c2c2,804033,1628120,1035111
Pierre-Auguste_Renoir,Pierre-Auguste_Renoir_1.jpg,#374543,#bacbcb,#8c9b9c,863358,1404069,1033317
Pierre-Auguste_Renoir,Pierre-Auguste_Renoir_85.jpg,#232920,#4f5960,#6b8fa1,519795,298585,455476
Pierre-Auguste_Renoir,Pierre-Auguste_Renoir_15.jpg,#74a2a9,#42615f,#c1d1cc,262358,276698,179792
Pierre-Auguste_Renoir,Pierre-Auguste_Renoir_215.jpg,#b7b6b1,#474c45,#6d808c,1543417,1333093,651490
Pierre-Auguste_Renoir,Pierre-Auguste_Renoir_58.jpg,#547d72,#254f3e,#b0aa9f,397800,494525,396635
Pierre-Auguste_Renoir,Pierre-Auguste_Renoir_148.jpg,#1b3a5e,#90a0b9,#456787,344064,217333,391928
Pierre-Auguste_Renoir,Pierre-Auguste_Renoir_140.jpg,#6f757a,#423d38,#bec2c2,450825,285021,88474
Pierre-Auguste_Renoir,Pierre-Auguste_Renoir_70.jpg,#2a3c38,#bdc6c8,#597c7c,404071,347740,122685
Pierre-Auguste_Renoir,Pierre-Auguste_Renoir_63.jpg,#a8b9ba,#5b859a,#324750,1485391,363247,754370
Pierre-Auguste_Renoir,Pierre-Auguste_Renoir_154.jpg,#1b5183,#3a85a8,#0c264a,314020,193731,110849
Pierre-Auguste_Renoir,Pierre-Auguste_Renoir_273.jpg,#656d78,#bab8c0,#202a3a,268796,176469,542731
Pierre-Auguste_Renoir,Pierre-Auguste_Renoir_256.jpg,#242b2c,#88b8c9,#5c889b,427560,464451,136693
Pierre-Auguste_Renoir,Pierre-Auguste_Renoir_81.jpg,#44647f,#6d9cae,#2d323a,909149,1486499,832000
Pierre-Auguste_Renoir,Pierre-Auguste_Renoir_122.jpg,#5f6a73,#87939a,#bcc8cd,189897,343630,494273
Pierre-Auguste_Renoir,Pierre-Auguste_Renoir_11.jpg,#496b94,#a2afcd,#2e2f49,148317,282658,234908
Pierre-Auguste_Renoir,Pierre-Auguste_Renoir_160.jpg,#a7becd,#3f3a50,#3867bd,369176,325294,184498
Pierre-Auguste_Renoir,Pierre-Auguste_Renoir_244.jpg,#80a8c2,#2b599c,#1a275a,549344,259068,218068
Pierre-Auguste_Renoir,Pierre-Auguste_Renoir_279.jpg,#829fb9,#5d7598,#2c364a,410685,345033,80260
Pierre-Auguste_Renoir,Pierre-Auguste_Renoir_305.jpg,#2a4466,#5d7f97,#9bbbcd,164274,224256,226894
Pierre-Auguste_Renoir,Pierre-Auguste_Renoir_253.jpg,#202744,#395e92,#5d9cd2,349161,418353,183246
Pierre-Auguste_Renoir,Pierre-Auguste_Renoir_308.jpg,#192038,#374a6e,#697a9a,211072,332081,142847
Pierre-Auguste_Renoir,Pierre-Auguste_Renoir_223.jpg,#29201e,#8b9da7,#3d586e,1586277,383801,478082
Pierre-Auguste_Renoir,Pierre-Auguste_Renoir_288.jpg,#1b1e2a,#4c6a96,#95a7b9,192232,322912,135896
Pierre-Auguste_Renoir,Pierre-Auguste_Renoir_274.jpg,#436c90,#232a34,#7bb1d7,287318,204237,241629
Pierre-Auguste_Renoir,Pierre-Auguste_Renoir_56.jpg,#73a4bd,#2d2c25,#46645c,222796,367379,251145
Pierre-Auguste_Renoir,Pierre-Auguste_Renoir_212.jpg,#a0b1c1,#30577c,#0e1b3e,271406,395973,137182
Pierre-Auguste_Renoir,Pierre-Auguste_Renoir_235.jpg,#466bae,#99b0de,#313750,464143,354809,121148
Pierre-Auguste_Renoir,Pierre-Auguste_Renoir_222.jpg,#253134,#5f7d83,#9dbbc5,267414,243580,236819
Pierre-Auguste_Renoir,Pierre-Auguste_Renoir_281.jpg,#577d95,#2e464e,#9ebdc5,451769,475218,279285
Pierre-Auguste_Renoir,Pierre-Auguste_Renoir_335.jpg,#4a7381,#98b4b2,#1f3133,318412,220768,311764
Pierre-Auguste_Renoir,Pierre-Auguste_Renoir_133.jpg,#43537a,#7a99b7,#1a1b3d,376636,287175,175649
Pierre-Auguste_Renoir,Pierre-Auguste_Renoir_287.jpg,#2a2b3e,#476a87,#8da6bf,241204,212760,167186
Pierre-Auguste_Renoir,Pierre-Auguste_Renoir_82.jpg,#37619f,#64aad9,#1b3058,477746,366343,234951
Pierre-Auguste_Renoir,Pierre-Auguste_Renoir_36.jpg,#97a4a7,#495450,#5c7d8a,198386,376923,250035
Pierre-Auguste_Renoir,Pierre-Auguste_Renoir_241.jpg,#6c87b1,#3c5a85,#1a324f,440585,247673,290318
Pierre-Auguste_Renoir,Pierre-Auguste_Renoir_38.jpg,#5e7b8d,#313d3d,#bacdcd,1489592,845488,566430
Pierre-Auguste_Renoir,Pierre-Auguste_Renoir_312.jpg,#374b40,#afada3,#547f7c,699337,664702,530237
Pierre-Auguste_Renoir,Pierre-Auguste_Renoir_264.jpg,#0e244a,#385da2,#95a6d9,251655,256804,302441
Pierre-Auguste_Renoir,Pierre-Auguste_Renoir_311.jpg,#4d9db7,#152331,#265a83,117318,209265,220667
Pierre-Auguste_Renoir,Pierre-Auguste_Renoir_47.jpg,#9ab0bc,#1d3d47,#356988,297861,307067,277072
Pierre-Auguste_Renoir,Pierre-Auguste_Renoir_174.jpg,#638ec3,#375786,#19223e,332310,346784,206187
Pierre-Auguste_Renoir,Pierre-Auguste_Renoir_89.jpg,#3a486a,#8fa4bf,#5c769d,1585281,2077628,1539011
Pierre-Auguste_Renoir,Pierre-Auguste_Renoir_112.jpg,#acb2b9,#292c3b,#516983,305735,252867,258569
Pierre-Auguste_Renoir,Pierre-Auguste_Renoir_182.jpg,#121f3f,#7398b9,#345480,267248,180593,315972
Pierre-Auguste_Renoir,Pierre-Auguste_Renoir_71.jpg,#1c586f,#9cb4d2,#658dac,486044,1079357,501799
Pierre-Auguste_Renoir,Pierre-Auguste_Renoir_98.jpg,#618da5,#a79a79,#314b4b,339088,272356,246668
Pierre-Auguste_Renoir,Pierre-Auguste_Renoir_54.jpg,#88a4d1,#3e6471,#332d39,397848,507633,48997
Pierre-Auguste_Renoir,Pierre-Auguste_Renoir_219.jpg,#191318,#6f869f,#494953,245491,232876,299743
Pierre-Auguste_Renoir,Pierre-Auguste_Renoir_67.jpg,#3f7c8d,#264560,#8eb5d7,225476,330861,225487
Pierre-Auguste_Renoir,Pierre-Auguste_Renoir_218.jpg,#172439,#96b1cc,#4e6887,399284,249693,369903
Pierre-Auguste_Renoir,Pierre-Auguste_Renoir_79.jpg,#296ca6,#1d253a,#97b0c9,193808,430710,151381
Pierre-Auguste_Renoir,Pierre-Auguste_Renoir_294.jpg,#6c86a9,#7d6759,#c2b8b9,321604,252735,242813
Pierre-Auguste_Renoir,Pierre-Auguste_Renoir_237.jpg,#1d101a,#8096c1,#3f374c,638594,116922,133868
Pierre-Auguste_Renoir,Pierre-Auguste_Renoir_164.jpg,#2e5f8f,#182b4d,#659dce,487940,376792,218457
Pierre-Auguste_Renoir,Pierre-Auguste_Renoir_141.jpg,#18233d,#7799b2,#3c567b,790378,1120122,1308664
Pierre-Auguste_Renoir,Pierre-Auguste_Renoir_108.jpg,#3a658e,#6094ba,#213757,278826,427482,248572
Pierre-Auguste_Renoir,Pierre-Auguste_Renoir_243.jpg,#528494,#121f1c,#2e4f54,180213,331761,330476
Pierre-Auguste_Renoir,Pierre-Auguste_Renoir_284.jpg,#1b314e,#446690,#a7b3c6,259377,301662,436113
Pierre-Auguste_Renoir,Pierre-Auguste_Renoir_166.jpg,#356795,#202654,#74abcd,850883,312752,626317
Pierre-Auguste_Renoir,Pierre-Auguste_Renoir_248.jpg,#9d8979,#82533d,#c9bfb3,284126,307753,230393
Pierre-Auguste_Renoir,Pierre-Auguste_Renoir_123.jpg,#3e6393,#95a8bd,#1c3158,205886,282788,220811
Pierre-Auguste_Renoir,Pierre-Auguste_Renoir_334.jpg,#436378,#7394ac,#20333c,264453,158341,162934
Pierre-Auguste_Renoir,Pierre-Auguste_Renoir_217.jpg,#526668,#7e9cb6,#353a38,1128678,1378179,929687
Pierre-Auguste_Renoir,Pierre-Auguste_Renoir_202.jpg,#547073,#28332a,#dbc5ab,962151,394132,1181221
Pierre-Auguste_Renoir,Pierre-Auguste_Renoir_181.jpg,#132f44,#6190ca,#2f5185,266942,309073,149745
Pierre-Auguste_Renoir,Pierre-Auguste_Renoir_7.jpg,#253884,#0d1557,#5573b0,53604,117822,135762
Pierre-Auguste_Renoir,Pierre-Auguste_Renoir_74.jpg,#456677,#7b9396,#333837,289477,517149,450846
Pierre-Auguste_Renoir,Pierre-Auguste_Renoir_298.jpg,#5b85ae,#142d51,#3a618a,314047,241975,97918
Pierre-Auguste_Renoir,Pierre-Auguste_Renoir_255.jpg,#264590,#749ee3,#181e47,396940,125130,383006
Pierre-Auguste_Renoir,Pierre-Auguste_Renoir_44.jpg,#212e46,#8ca3c6,#416094,622116,319360,366684
Pierre-Auguste_Renoir,Pierre-Auguste_Renoir_266.jpg,#131119,#617592,#2c3553,292654,330559,110106
Pierre-Auguste_Renoir,Pierre-Auguste_Renoir_239.jpg,#231728,#709db3,#4e6880,291359,204940,245041
Pierre-Auguste_Renoir,Pierre-Auguste_Renoir_265.jpg,#989b89,#304146,#4d6476,392755,267913,329332
Pierre-Auguste_Renoir,Pierre-Auguste_Renoir_21.jpg,#c0dfe0,#3c7bb9,#92b4bc,399598,197559,99708
Pierre-Auguste_Renoir,Pierre-Auguste_Renoir_130.jpg,#a9d6ee,#262843,#4b6fc1,262534,245339,108087
Pierre-Auguste_Renoir,Pierre-Auguste_Renoir_50.jpg,#12222a,#538098,#2f4f5d,495293,461489,319122
Pierre-Auguste_Renoir,Pierre-Auguste_Renoir_216.jpg,#1b232e,#3d5461,#788d99,526847,491415,231018
Pierre-Auguste_Renoir,Pierre-Auguste_Renoir_196.jpg,#6072a0,#8ca1d4,#343e4a,1122960,1243012,687947
Pierre-Auguste_Renoir,Pierre-Auguste_Renoir_83.jpg,#9299ba,#2c2639,#4a4d6c,851245,326310,99264
Pierre-Auguste_Renoir,Pierre-Auguste_Renoir_106.jpg,#335896,#789cd5,#1a2a40,514905,329636,539105
Pierre-Auguste_Renoir,Pierre-Auguste_Renoir_118.jpg,#7498aa,#3f5b6f,#bfd3d8,696676,251039,325117
Pierre-Auguste_Renoir,Pierre-Auguste_Renoir_169.jpg,#95bad1,#1c3859,#5079a9,355491,234799,77070
Pierre-Auguste_Renoir,Pierre-Auguste_Renoir_315.jpg,#93988f,#4c584c,#6097af,410641,159525,251082
Pierre-Auguste_Renoir,Pierre-Auguste_Renoir_191.jpg,#7b8e9e,#314253,#b2c3d0,434318,269366,61244
Pierre-Auguste_Renoir,Pierre-Auguste_Renoir_92.jpg,#6398a6,#c1c7c8,#30646b,177442,288472,161686
Pierre-Auguste_Renoir,Pierre-Auguste_Renoir_270.jpg,#386bb8,#a1c4e3,#102553,282940,274251,185401
Pierre-Auguste_Renoir,Pierre-Auguste_Renoir_258.jpg,#29272e,#4b535a,#718fa1,582729,391253,317282
Pierre-Auguste_Renoir,Pierre-Auguste_Renoir_307.jpg,#616b73,#1f2936,#bec4c7,1186304,1568613,601755
Pierre-Auguste_Renoir,Pierre-Auguste_Renoir_87.jpg,#656a6b,#322a28,#a0c0cc,392709,271099,573296
Pierre-Auguste_Renoir,Pierre-Auguste_Renoir_252.jpg,#4d7093,#92a7c0,#27343e,387387,411668,271483
Pierre-Auguste_Renoir,Pierre-Auguste_Renoir_306.jpg,#707b8b,#194c95,#6a9bc7,273262,291862,252368
Pierre-Auguste_Renoir,Pierre-Auguste_Renoir_204.jpg,#92b49f,#333f40,#56737f,389025,269120,191775
Pierre-Auguste_Renoir,Pierre-Auguste_Renoir_299.jpg,#2f64bb,#658dc9,#1e2e66,254408,123126,156782
Pierre-Auguste_Renoir,Pierre-Auguste_Renoir_325.jpg,#5d7e98,#3f5450,#9db2c4,263056,430043,270261
Pierre-Auguste_Renoir,Pierre-Auguste_Renoir_64.jpg,#2e4643,#4f757b,#c7bdae,715481,610189,755930
Pierre-Auguste_Renoir,Pierre-Auguste_Renoir_52.jpg,#1c2e35,#b3c4d5,#3f6686,1138304,430299,458267
Pierre-Auguste_Renoir,Pierre-Auguste_Renoir_6.jpg,#152650,#6187bb,#ededed,197098,249507,464135
Pierre-Auguste_Renoir,Pierre-Auguste_Renoir_131.jpg,#568198,#9cb2b8,#425444,1197314,805688,1114315
Pierre-Auguste_Renoir,Pierre-Auguste_Renoir_114.jpg,#354c57,#567b90,#88a8b1,1146390,760561,857666
Pierre-Auguste_Renoir,Pierre-Auguste_Renoir_318.jpg,#4f5d70,#8b9296,#2b2e42,272017,374709,184762
Pierre-Auguste_Renoir,Pierre-Auguste_Renoir_317.jpg,#617484,#8babbf,#404648,926020,1301773,703803
Pierre-Auguste_Renoir,Pierre-Auguste_Renoir_39.jpg,#4e639c,#302d3a,#87a1cb,269044,294893,361631
Pierre-Auguste_Renoir,Pierre-Auguste_Renoir_187.jpg,#1f368c,#252c45,#5e72a7,366473,135306,368621
Pierre-Auguste_Renoir,Pierre-Auguste_Renoir_197.jpg,#316fb0,#639dc9,#162e4c,445548,298996,122784
Pierre-Auguste_Renoir,Pierre-Auguste_Renoir_14.jpg,#1c383d,#2a7384,#84c5cf,120825,501503,663816
Pierre-Auguste_Renoir,Pierre-Auguste_Renoir_125.jpg,#252321,#cfd8e0,#727783,394982,246089,392804
Pierre-Auguste_Renoir,Pierre-Auguste_Renoir_333.jpg,#5c86bc,#0e1d3c,#25408e,210079,202980,577091
Pierre-Auguste_Renoir,Pierre-Auguste_Renoir_205.jpg,#2b3d4a,#90a3a6,#536c74,530982,1052721,1097577
Pierre-Auguste_Renoir,Pierre-Auguste_Renoir_190.jpg,#6a9dbb,#223d49,#3c6c82,545365,672377,366006
Pierre-Auguste_Renoir,Pierre-Auguste_Renoir_4.jpg,#8798b6,#33365a,#8e7372,182075,408159,279142
Pierre-Auguste_Renoir,Pierre-Auguste_Renoir_43.jpg,#dcb4af,#6f8697,#3f4c41,552890,682420,489296
Pierre-Auguste_Renoir,Pierre-Auguste_Renoir_33.jpg,#34414d,#bbd0d3,#64818b,1417628,725690,1444778
Pierre-Auguste_Renoir,Pierre-Auguste_Renoir_193.jpg,#2f5b61,#7e8381,#132b26,268025,209071,291404
Pierre-Auguste_Renoir,Pierre-Auguste_Renoir_110.jpg,#1f204f,#899cb9,#495585,355767,292950,169233
Pierre-Auguste_Renoir,Pierre-Auguste_Renoir_207.jpg,#315a52,#918270,#bab2a7,412048,235116,217092
Pierre-Auguste_Renoir,Pierre-Auguste_Renoir_97.jpg,#283651,#3c70ae,#aeacb3,434680,225462,344186
Pierre-Auguste_Renoir,Pierre-Auguste_Renoir_18.jpg,#aea697,#527166,#35422c,348019,375207,140006
Pierre-Auguste_Renoir,Pierre-Auguste_Renoir_9.jpg,#91b4c4,#1e3559,#546987,439029,366700,182161
Pierre-Auguste_Renoir,Pierre-Auguste_Renoir_103.jpg,#80bad4,#568891,#2f5034,631596,477738,662280
Pierre-Auguste_Renoir,Pierre-Auguste_Renoir_105.jpg,#353137,#486684,#78a1b1,417404,295481,227915
Pierre-Auguste_Renoir,Pierre-Auguste_Renoir_316.jpg,#6c5343,#a2afca,#183881,374343,454004,209105
Pierre-Auguste_Renoir,Pierre-Auguste_Renoir_184.jpg,#1b4c70,#bedceb,#669cad,259437,245968,349955
Pierre-Auguste_Renoir,Pierre-Auguste_Renoir_153.jpg,#1c1823,#9ab8c1,#485869,245373,346425,290718
Pierre-Auguste_Renoir,Pierre-Auguste_Renoir_60.jpg,#2c445e,#bdd3e4,#7f8c84,427838,209294,164828
Pierre-Auguste_Renoir,Pierre-Auguste_Renoir_113.jpg,#485483,#96a4c1,#1c1d44,146856,219473,242471
Pierre-Auguste_Renoir,Pierre-Auguste_Renoir_128.jpg,#3172b1,#111832,#1d4482,251075,193288,167477
Pierre-Auguste_Renoir,Pierre-Auguste_Renoir_102.jpg,#181e24,#84b3c8,#35586f,389925,459225,111870
Pierre-Auguste_Renoir,Pierre-Auguste_Renoir_32.jpg,#122d4c,#6c889b,#3c5f7c,318281,237338,260015
Pierre-Auguste_Renoir,Pierre-Auguste_Renoir_285.jpg,#3c81ae,#111222,#20375b,634325,345047,154708
Pierre-Auguste_Renoir,Pierre-Auguste_Renoir_303.jpg,#31606e,#7eadc9,#4b79a3,198934,292976,274042
Pierre-Auguste_Renoir,Pierre-Auguste_Renoir_57.jpg,#3c495e,#a5b9cf,#171324,338071,104943,343673
Pierre-Auguste_Renoir,Pierre-Auguste_Renoir_213.jpg,#2d5a86,#262733,#85abc3,541016,611181,123707
Pierre-Auguste_Renoir,Pierre-Auguste_Renoir_19.jpg,#1d2347,#9ea1b3,#37599e,285580,258423,197947
Pierre-Auguste_Renoir,Pierre-Auguste_Renoir_330.jpg,#36221d,#94a0b9,#545a76,434740,225556,173284
Pierre-Auguste_Renoir,Pierre-Auguste_Renoir_304.jpg,#232026,#aab8ba,#456481,1990918,2292436,932902
Pierre-Auguste_Renoir,Pierre-Auguste_Renoir_37.jpg,#598390,#2f4e58,#98b8bf,268950,329893,243397
Pierre-Auguste_Renoir,Pierre-Auguste_Renoir_3.jpg,#4d6d88,#96abb8,#222c41,265840,272669,141891
Pierre-Auguste_Renoir,Pierre-Auguste_Renoir_145.jpg,#4f7abe,#98b4da,#1b2d66,395104,452075,146196
Pierre-Auguste_Renoir,Pierre-Auguste_Renoir_209.jpg,#365982,#b3d0d9,#6b8ea3,1272835,1071153,600764
Pierre-Auguste_Renoir,Pierre-Auguste_Renoir_286.jpg,#9ebec7,#4a7880,#213f3a,260138,295944,156609
Pierre-Auguste_Renoir,Pierre-Auguste_Renoir_194.jpg,#93a4a0,#444a39,#6e7a6b,168597,270651,219184
Pierre-Auguste_Renoir,Pierre-Auguste_Renoir_96.jpg,#18171c,#7698b6,#44526c,379794,274746,206460
Pierre-Auguste_Renoir,Pierre-Auguste_Renoir_152.jpg,#6591a0,#1c1d1f,#45585b,383958,188078,227708
Pierre-Auguste_Renoir,Pierre-Auguste_Renoir_234.jpg,#a5adb0,#526b70,#1e262e,343647,451711,250402
Pierre-Auguste_Renoir,Pierre-Auguste_Renoir_313.jpg,#819be2,#405dab,#232842,514358,249235,44893
